nest,nest_age,time,pd_count,annual_precip,annual_min_temp,wet_dry,warm_cold
B13_2006,1,15,0,180.34,-3.301481382,Dry,Cold
A10_2012,1,15,0,308.61,-2.678682782,Wet,Warm
A2_2015,1,15,2,506.984,-2.316151362,Wet,Warm
A4_2019,1,15,2,219.71,-3.47547053,Dry,Cold
A43_2020,1,15,0,233.934,-3.252918217,Dry,Cold
B14_2006,2,15,0,180.34,-3.301481382,Dry,Cold
A4_2007,2,15,0,455.676,-2.915787258,Wet,Warm
B1_2011,2,15,0,340.106,-2.932766528,Wet,Warm
B17_2012,2,15,0,308.61,-2.678682782,Wet,Warm
A7_2020,2,15,2,233.934,-3.252918217,Dry,Cold
A13_2005,3,15,0,326.644,-2.633386836,Wet,Warm
A4_2007,3,15,0,455.676,-2.915787258,Wet,Warm
A13_2012,3,15,0,308.61,-2.678682782,Wet,Warm
A18_2012,3,15,0,308.61,-2.678682782,Wet,Warm
B11_2013,3,15,0,236.728,-3.650611887,Dry,Cold
B11_2013,3,15,0,236.728,-3.650611887,Dry,Cold
A10_2014,3,15,2,279.146,-2.878476994,Dry,Warm
A2_2017,3,15,0,291.084,-2.182970334,Dry,Warm
A10_2007,4,15,1,455.676,-2.915787258,Wet,Warm
A13_2011,4,15,0,340.106,-2.932766528,Wet,Warm
B11_2013,4,15,0,236.728,-3.650611887,Dry,Cold
B13_2014,4,15,0,279.146,-2.878476994,Dry,Warm
A2_2017,4,15,0,291.084,-2.182970334,Dry,Warm
A27_2018,4,15,1,302.768,-2.579869562,Wet,Warm
A8_2019,4,15,6,219.71,-3.47547053,Dry,Cold
A12_2009,5,15,0,276.606,-2.993546066,Dry,Cold
A18_2014,5,15,2,279.146,-2.878476994,Dry,Warm
B5_2020,5,15,5,233.934,-3.252918217,Dry,Cold
B4_2012,6,15,0,308.61,-2.678682782,Wet,Warm
B18_2013,6,15,0,236.728,-3.650611887,Dry,Cold
B17_2014,6,15,1,279.146,-2.878476994,Dry,Warm
B11_2015,6,15,3,506.984,-2.316151362,Wet,Warm
A13_2017,6,15,0,291.084,-2.182970334,Dry,Warm
A43_2020,6,15,1,233.934,-3.252918217,Dry,Cold
A4_2020,6,15,0,233.934,-3.252918217,Dry,Cold
B1_2011,7,15,0,340.106,-2.932766528,Wet,Warm
B19_2012,7,15,0,308.61,-2.678682782,Wet,Warm
BG4_2013,7,15,0,236.728,-3.650611887,Dry,Cold
B21_2014,7,15,5,279.146,-2.878476994,Dry,Warm
B13_2019,7,15,6,219.71,-3.47547053,Dry,Cold
A13_2013,8,15,0,236.728,-3.650611887,Dry,Cold
B17_2014,8,15,3,279.146,-2.878476994,Dry,Warm
B21_2014,8,15,4,279.146,-2.878476994,Dry,Warm
A4_2019,8,15,10,219.71,-3.47547053,Dry,Cold
A18_2020,8,15,0,233.934,-3.252918217,Dry,Cold
B12_2011,9,15,0,340.106,-2.932766528,Wet,Warm
B11_2015,9,15,7,506.984,-2.316151362,Wet,Warm
A10_2020,9,15,0,233.934,-3.252918217,Dry,Cold
B1_2009,10,15,0,276.606,-2.993546066,Dry,Cold
B1_2011,10,15,0,340.106,-2.932766528,Wet,Warm
B2_2012,10,15,0,308.61,-2.678682782,Wet,Warm
A24_2020,10,15,0,233.934,-3.252918217,Dry,Cold
B6_2011,11,15,1,340.106,-2.932766528,Wet,Warm
A18_2013,11,15,0,236.728,-3.650611887,Dry,Cold
A8_2019,11,15,7,219.71,-3.47547053,Dry,Cold
A13_2020,11,15,1,233.934,-3.252918217,Dry,Cold
B10_2020,11,15,0,233.934,-3.252918217,Dry,Cold
B2_2009,12,15,0,276.606,-2.993546066,Dry,Cold
A8_2014,12,15,6,279.146,-2.878476994,Dry,Warm
B2_2014,12,15,1,279.146,-2.878476994,Dry,Warm
B5_2020,12,15,0,233.934,-3.252918217,Dry,Cold
A41_2007,13,15,0,455.676,-2.915787258,Wet,Warm
B2_2009,13,15,0,276.606,-2.993546066,Dry,Cold
B1_2011,13,15,0,340.106,-2.932766528,Wet,Warm
BG4_2013,13,15,0,236.728,-3.650611887,Dry,Cold
A18_2020,13,15,0,233.934,-3.252918217,Dry,Cold
A8_2009,14,15,0,276.606,-2.993546066,Dry,Cold
BG4_2013,14,15,0,236.728,-3.650611887,Dry,Cold
B7_2014,14,15,4,279.146,-2.878476994,Dry,Warm
B5_2019,14,15,6,219.71,-3.47547053,Dry,Cold
A10_2020,14,15,0,233.934,-3.252918217,Dry,Cold
A2_2005,15,15,0,326.644,-2.633386836,Wet,Warm
B5_2005,15,15,0,326.644,-2.633386836,Wet,Warm
B13_2005,15,15,0,326.644,-2.633386836,Wet,Warm
A41_2014,15,15,1,279.146,-2.878476994,Dry,Warm
A2_2005,16,15,0,326.644,-2.633386836,Wet,Warm
B1_2009,16,15,0,276.606,-2.993546066,Dry,Cold
B17_2015,16,15,12,506.984,-2.316151362,Wet,Warm
B5_2019,16,15,7,219.71,-3.47547053,Dry,Cold
B1_2004,17,15,0,224.028,-3.067724376,Dry,Cold
A4_2011,17,15,0,340.106,-2.932766528,Wet,Warm
A13_2012,17,15,0,308.61,-2.678682782,Wet,Warm
B2_2012,17,15,0,308.61,-2.678682782,Wet,Warm
B5_2019,17,15,8,219.71,-3.47547053,Dry,Cold
A13_2011,18,15,0,340.106,-2.932766528,Wet,Warm
A13_2012,18,15,0,308.61,-2.678682782,Wet,Warm
B1_2013,18,15,0,236.728,-3.650611887,Dry,Cold
A24_2014,18,15,3,279.146,-2.878476994,Dry,Warm
A2_2019,18,15,4,219.71,-3.47547053,Dry,Cold
B13_2019,18,15,7,219.71,-3.47547053,Dry,Cold
B10_2020,18,15,0,233.934,-3.252918217,Dry,Cold
B17_2005,19,15,0,326.644,-2.633386836,Wet,Warm
B10_2005,19,15,0,326.644,-2.633386836,Wet,Warm
B4_2005,19,15,0,326.644,-2.633386836,Wet,Warm
B5_2009,19,15,0,276.606,-2.993546066,Dry,Cold
A8_2009,19,15,0,276.606,-2.993546066,Dry,Cold
A4_2011,19,15,0,340.106,-2.932766528,Wet,Warm
B13_2015,19,15,3,506.984,-2.316151362,Wet,Warm
A40_2019,19,15,6,219.71,-3.47547053,Dry,Cold
BG5_2019,19,15,4,219.71,-3.47547053,Dry,Cold
B1_2005,20,15,0,326.644,-2.633386836,Wet,Warm
B8_2007,20,15,0,455.676,-2.915787258,Wet,Warm
B5_2009,20,15,0,276.606,-2.993546066,Dry,Cold
B1_2011,20,15,0,340.106,-2.932766528,Wet,Warm
A4_2011,20,15,0,340.106,-2.932766528,Wet,Warm
A4_2012,20,15,0,308.61,-2.678682782,Wet,Warm
B1_2013,20,15,0,236.728,-3.650611887,Dry,Cold
B20_2013,20,15,0,236.728,-3.650611887,Dry,Cold
B2_2019,20,15,2,219.71,-3.47547053,Dry,Cold
A43_2020,20,15,6,233.934,-3.252918217,Dry,Cold
B1_2005,21,15,0,326.644,-2.633386836,Wet,Warm
A18_2009,21,15,0,276.606,-2.993546066,Dry,Cold
B5_2009,21,15,0,276.606,-2.993546066,Dry,Cold
B19_2011,21,15,0,340.106,-2.932766528,Wet,Warm
B4_2011,21,15,2,340.106,-2.932766528,Wet,Warm
B1_2011,21,15,0,340.106,-2.932766528,Wet,Warm
A4_2011,21,15,0,340.106,-2.932766528,Wet,Warm
B14_2013,21,15,0,236.728,-3.650611887,Dry,Cold
BG5_2020,21,15,3,233.934,-3.252918217,Dry,Cold
A8_2020,21,15,0,233.934,-3.252918217,Dry,Cold
A10_2005,22,15,0,326.644,-2.633386836,Wet,Warm
B1_2005,22,15,0,326.644,-2.633386836,Wet,Warm
A18_2009,22,15,0,276.606,-2.993546066,Dry,Cold
B5_2009,22,15,0,276.606,-2.993546066,Dry,Cold
B4_2011,22,15,0,340.106,-2.932766528,Wet,Warm
B1_2011,22,15,0,340.106,-2.932766528,Wet,Warm
A4_2011,22,15,0,340.106,-2.932766528,Wet,Warm
A13_2012,22,15,0,308.61,-2.678682782,Wet,Warm
B10_2012,22,15,0,308.61,-2.678682782,Wet,Warm
B1_2013,22,15,0,236.728,-3.650611887,Dry,Cold
A10_2014,22,15,5,279.146,-2.878476994,Dry,Warm
A4_2019,22,15,8,219.71,-3.47547053,Dry,Cold
B8_2020,22,15,4,233.934,-3.252918217,Dry,Cold
A11_2005,23,15,0,326.644,-2.633386836,Wet,Warm
A8_2007,23,15,0,455.676,-2.915787258,Wet,Warm
B13_2007,23,15,0,455.676,-2.915787258,Wet,Warm
A18_2009,23,15,0,276.606,-2.993546066,Dry,Cold
B5_2009,23,15,0,276.606,-2.993546066,Dry,Cold
B1_2009,23,15,0,276.606,-2.993546066,Dry,Cold
A13_2012,23,15,0,308.61,-2.678682782,Wet,Warm
B4_2012,23,15,0,308.61,-2.678682782,Wet,Warm
B10_2012,23,15,0,308.61,-2.678682782,Wet,Warm
B1_2013,23,15,0,236.728,-3.650611887,Dry,Cold
A10_2013,23,15,0,236.728,-3.650611887,Dry,Cold
B13_2013,23,15,6,236.728,-3.650611887,Dry,Cold
B2_2013,23,15,0,236.728,-3.650611887,Dry,Cold
A10_2014,23,15,4,279.146,-2.878476994,Dry,Warm
B5_2019,23,15,8,219.71,-3.47547053,Dry,Cold
A4_2019,23,15,4,219.71,-3.47547053,Dry,Cold
A2_2020,23,15,7,233.934,-3.252918217,Dry,Cold
A11_2004,24,15,0,224.028,-3.067724376,Dry,Cold
B1_2005,24,15,0,326.644,-2.633386836,Wet,Warm
A18_2009,24,15,0,276.606,-2.993546066,Dry,Cold
A4_2009,24,15,0,276.606,-2.993546066,Dry,Cold
B1_2009,24,15,0,276.606,-2.993546066,Dry,Cold
A4_2011,24,15,0,340.106,-2.932766528,Wet,Warm
A13_2012,24,15,0,308.61,-2.678682782,Wet,Warm
A10_2013,24,15,0,236.728,-3.650611887,Dry,Cold
B20_2013,24,15,11,236.728,-3.650611887,Dry,Cold
B17_2014,24,15,14,279.146,-2.878476994,Dry,Warm
B7_2014,24,15,6,279.146,-2.878476994,Dry,Warm
A27_2015,24,15,2,506.984,-2.316151362,Wet,Warm
B2_2019,24,15,2,219.71,-3.47547053,Dry,Cold
B5_2019,24,15,5,219.71,-3.47547053,Dry,Cold
A4_2019,24,15,13,219.71,-3.47547053,Dry,Cold
A13_2005,25,15,0,326.644,-2.633386836,Wet,Warm
B1_2005,25,15,0,326.644,-2.633386836,Wet,Warm
B6_2006,25,15,0,180.34,-3.301481382,Dry,Cold
A8_2007,25,15,2,455.676,-2.915787258,Wet,Warm
A8_2009,25,15,0,276.606,-2.993546066,Dry,Cold
B13_2013,25,15,0,236.728,-3.650611887,Dry,Cold
B13_2014,25,15,7,279.146,-2.878476994,Dry,Warm
A10_2015,25,15,5,506.984,-2.316151362,Wet,Warm
A18_2015,25,15,4,506.984,-2.316151362,Wet,Warm
A2_2019,25,15,3,219.71,-3.47547053,Dry,Cold
B2_2019,25,15,8,219.71,-3.47547053,Dry,Cold
A10_2007,26,15,1,455.676,-2.915787258,Wet,Warm
B1_2013,26,15,0,236.728,-3.650611887,Dry,Cold
A10_2013,26,15,0,236.728,-3.650611887,Dry,Cold
B13_2013,26,15,0,236.728,-3.650611887,Dry,Cold
B17_2014,26,15,6,279.146,-2.878476994,Dry,Warm
B7_2014,26,15,2,279.146,-2.878476994,Dry,Warm
A8_2020,26,15,1,233.934,-3.252918217,Dry,Cold
A4_2004,27,15,0,224.028,-3.067724376,Dry,Cold
B19_2011,27,15,0,340.106,-2.932766528,Wet,Warm
B7_2014,27,15,9,279.146,-2.878476994,Dry,Warm
A10_2014,27,15,8,279.146,-2.878476994,Dry,Warm
B2_2019,28,15,5,219.71,-3.47547053,Dry,Cold
B2_2019,29,15,11,219.71,-3.47547053,Dry,Cold
B2_2019,31,15,16,219.71,-3.47547053,Dry,Cold
B13_2006,1,30,1,180.34,-3.301481382,Dry,Cold
A2_2015,1,30,10,506.984,-2.316151362,Wet,Warm
A43_2020,1,30,1,233.934,-3.252918217,Dry,Cold
B14_2006,2,30,2,180.34,-3.301481382,Dry,Cold
A4_2007,2,30,5,455.676,-2.915787258,Wet,Warm
B1_2011,2,30,3,340.106,-2.932766528,Wet,Warm
B17_2012,2,30,0,308.61,-2.678682782,Wet,Warm
A10_2018,2,30,2,302.768,-2.579869562,Wet,Warm
B5_2019,2,30,2,219.71,-3.47547053,Dry,Cold
A7_2020,2,30,2,233.934,-3.252918217,Dry,Cold
A13_2020,2,30,4,233.934,-3.252918217,Dry,Cold
A13_2005,3,30,0,326.644,-2.633386836,Wet,Warm
A4_2007,3,30,4,455.676,-2.915787258,Wet,Warm
A18_2012,3,30,1,308.61,-2.678682782,Wet,Warm
B11_2013,3,30,2,236.728,-3.650611887,Dry,Cold
B11_2013,3,30,1,236.728,-3.650611887,Dry,Cold
A10_2014,3,30,10,279.146,-2.878476994,Dry,Warm
A2_2017,3,30,1,291.084,-2.182970334,Dry,Warm
A10_2018,3,30,1,302.768,-2.579869562,Wet,Warm
A10_2007,4,30,11,455.676,-2.915787258,Wet,Warm
A13_2011,4,30,0,340.106,-2.932766528,Wet,Warm
B11_2013,4,30,3,236.728,-3.650611887,Dry,Cold
A2_2017,4,30,2,291.084,-2.182970334,Dry,Warm
A27_2018,4,30,4,302.768,-2.579869562,Wet,Warm
A8_2019,4,30,5,219.71,-3.47547053,Dry,Cold
A2_2019,4,30,7,219.71,-3.47547053,Dry,Cold
A12_2009,5,30,0,276.606,-2.993546066,Dry,Cold
B5_2020,5,30,4,233.934,-3.252918217,Dry,Cold
B4_2012,6,30,0,308.61,-2.678682782,Wet,Warm
A18_2013,6,30,3,236.728,-3.650611887,Dry,Cold
B18_2013,6,30,1,236.728,-3.650611887,Dry,Cold
B17_2014,6,30,5,279.146,-2.878476994,Dry,Warm
B11_2015,6,30,1,506.984,-2.316151362,Wet,Warm
A13_2017,6,30,2,291.084,-2.182970334,Dry,Warm
A43_2020,6,30,8,233.934,-3.252918217,Dry,Cold
A4_2020,6,30,0,233.934,-3.252918217,Dry,Cold
A10_2009,7,30,0,276.606,-2.993546066,Dry,Cold
B1_2011,7,30,0,340.106,-2.932766528,Wet,Warm
B19_2012,7,30,0,308.61,-2.678682782,Wet,Warm
BG4_2013,7,30,6,236.728,-3.650611887,Dry,Cold
B21_2014,7,30,10,279.146,-2.878476994,Dry,Warm
B13_2019,7,30,4,219.71,-3.47547053,Dry,Cold
A7_2020,7,30,4,233.934,-3.252918217,Dry,Cold
BG5_2020,7,30,3,233.934,-3.252918217,Dry,Cold
B1_2011,8,30,4,340.106,-2.932766528,Wet,Warm
B17_2014,8,30,4,279.146,-2.878476994,Dry,Warm
B21_2014,8,30,3,279.146,-2.878476994,Dry,Warm
A43_2017,8,30,2,291.084,-2.182970334,Dry,Warm
B6_2017,8,30,2,291.084,-2.182970334,Dry,Warm
A13_2018,8,30,2,302.768,-2.579869562,Wet,Warm
A4_2019,8,30,10,219.71,-3.47547053,Dry,Cold
A18_2020,8,30,0,233.934,-3.252918217,Dry,Cold
B12_2011,9,30,0,340.106,-2.932766528,Wet,Warm
B11_2015,9,30,2,506.984,-2.316151362,Wet,Warm
A10_2020,9,30,4,233.934,-3.252918217,Dry,Cold
A11_2004,10,30,0,224.028,-3.067724376,Dry,Cold
B1_2009,10,30,5,276.606,-2.993546066,Dry,Cold
B1_2011,10,30,0,340.106,-2.932766528,Wet,Warm
B2_2012,10,30,2,308.61,-2.678682782,Wet,Warm
A24_2020,10,30,0,233.934,-3.252918217,Dry,Cold
B14_2005,11,30,0,326.644,-2.633386836,Wet,Warm
A4_2009,11,30,1,276.606,-2.993546066,Dry,Cold
B6_2011,11,30,7,340.106,-2.932766528,Wet,Warm
A18_2013,11,30,6,236.728,-3.650611887,Dry,Cold
A13_2020,11,30,10,233.934,-3.252918217,Dry,Cold
B10_2020,11,30,6,233.934,-3.252918217,Dry,Cold
A8_2004,12,30,1,224.028,-3.067724376,Dry,Cold
B2_2009,12,30,3,276.606,-2.993546066,Dry,Cold
B12_2013,12,30,5,236.728,-3.650611887,Dry,Cold
A8_2014,12,30,4,279.146,-2.878476994,Dry,Warm
B2_2014,12,30,2,279.146,-2.878476994,Dry,Warm
B5_2020,12,30,6,233.934,-3.252918217,Dry,Cold
A41_2007,13,30,2,455.676,-2.915787258,Wet,Warm
B2_2009,13,30,0,276.606,-2.993546066,Dry,Cold
A10_2009,13,30,8,276.606,-2.993546066,Dry,Cold
B1_2011,13,30,0,340.106,-2.932766528,Wet,Warm
BG4_2013,13,30,2,236.728,-3.650611887,Dry,Cold
BG2_2013,13,30,3,236.728,-3.650611887,Dry,Cold
A40_2018,13,30,3,302.768,-2.579869562,Wet,Warm
A18_2020,13,30,0,233.934,-3.252918217,Dry,Cold
A8_2009,14,30,1,276.606,-2.993546066,Dry,Cold
B20_2013,14,30,0,236.728,-3.650611887,Dry,Cold
BG4_2013,14,30,11,236.728,-3.650611887,Dry,Cold
B5_2019,14,30,8,219.71,-3.47547053,Dry,Cold
A10_2020,14,30,0,233.934,-3.252918217,Dry,Cold
A2_2005,15,30,1,326.644,-2.633386836,Wet,Warm
B5_2005,15,30,3,326.644,-2.633386836,Wet,Warm
B13_2005,15,30,8,326.644,-2.633386836,Wet,Warm
A41_2014,15,30,7,279.146,-2.878476994,Dry,Warm
A4_2018,15,30,1,302.768,-2.579869562,Wet,Warm
A2_2005,16,30,2,326.644,-2.633386836,Wet,Warm
B1_2009,16,30,8,276.606,-2.993546066,Dry,Cold
A20_2018,16,30,5,302.768,-2.579869562,Wet,Warm
A24_2018,16,30,6,302.768,-2.579869562,Wet,Warm
A2_2018,16,30,4,302.768,-2.579869562,Wet,Warm
A10_2018,16,30,3,302.768,-2.579869562,Wet,Warm
B5_2019,16,30,11,219.71,-3.47547053,Dry,Cold
A10_2004,17,30,0,224.028,-3.067724376,Dry,Cold
B1_2004,17,30,4,224.028,-3.067724376,Dry,Cold
A11_2004,17,30,0,224.028,-3.067724376,Dry,Cold
A4_2011,17,30,5,340.106,-2.932766528,Wet,Warm
A13_2012,17,30,3,308.61,-2.678682782,Wet,Warm
B2_2012,17,30,1,308.61,-2.678682782,Wet,Warm
A4_2018,17,30,1,302.768,-2.579869562,Wet,Warm
B5_2019,17,30,6,219.71,-3.47547053,Dry,Cold
A13_2011,18,30,1,340.106,-2.932766528,Wet,Warm
A4_2011,18,30,1,340.106,-2.932766528,Wet,Warm
A13_2012,18,30,3,308.61,-2.678682782,Wet,Warm
B1_2013,18,30,9,236.728,-3.650611887,Dry,Cold
A4_2013,18,30,1,236.728,-3.650611887,Dry,Cold
A24_2014,18,30,6,279.146,-2.878476994,Dry,Warm
A20_2015,18,30,3,506.984,-2.316151362,Wet,Warm
A2_2019,18,30,11,219.71,-3.47547053,Dry,Cold
B13_2019,18,30,9,219.71,-3.47547053,Dry,Cold
B10_2020,18,30,1,233.934,-3.252918217,Dry,Cold
B17_2005,19,30,1,326.644,-2.633386836,Wet,Warm
B10_2005,19,30,2,326.644,-2.633386836,Wet,Warm
B4_2005,19,30,7,326.644,-2.633386836,Wet,Warm
B5_2009,19,30,7,276.606,-2.993546066,Dry,Cold
A8_2009,19,30,1,276.606,-2.993546066,Dry,Cold
A4_2011,19,30,0,340.106,-2.932766528,Wet,Warm
A10_2014,19,30,11,279.146,-2.878476994,Dry,Warm
B13_2015,19,30,2,506.984,-2.316151362,Wet,Warm
A40_2019,19,30,7,219.71,-3.47547053,Dry,Cold
BG5_2019,19,30,9,219.71,-3.47547053,Dry,Cold
A8_2004,20,30,0,224.028,-3.067724376,Dry,Cold
B1_2005,20,30,2,326.644,-2.633386836,Wet,Warm
B8_2007,20,30,5,455.676,-2.915787258,Wet,Warm
B5_2009,20,30,1,276.606,-2.993546066,Dry,Cold
B1_2011,20,30,0,340.106,-2.932766528,Wet,Warm
A4_2011,20,30,5,340.106,-2.932766528,Wet,Warm
A4_2012,20,30,0,308.61,-2.678682782,Wet,Warm
B1_2013,20,30,10,236.728,-3.650611887,Dry,Cold
B20_2013,20,30,3,236.728,-3.650611887,Dry,Cold
B5_2019,20,30,7,219.71,-3.47547053,Dry,Cold
B2_2019,20,30,4,219.71,-3.47547053,Dry,Cold
A43_2020,20,30,2,233.934,-3.252918217,Dry,Cold
A41_2004,21,30,1,224.028,-3.067724376,Dry,Cold
B7_2004,21,30,0,224.028,-3.067724376,Dry,Cold
B1_2005,21,30,5,326.644,-2.633386836,Wet,Warm
A18_2009,21,30,3,276.606,-2.993546066,Dry,Cold
B5_2009,21,30,14,276.606,-2.993546066,Dry,Cold
B19_2011,21,30,0,340.106,-2.932766528,Wet,Warm
B4_2011,21,30,2,340.106,-2.932766528,Wet,Warm
B1_2011,21,30,4,340.106,-2.932766528,Wet,Warm
A4_2011,21,30,3,340.106,-2.932766528,Wet,Warm
B14_2013,21,30,0,236.728,-3.650611887,Dry,Cold
A4_2018,21,30,5,302.768,-2.579869562,Wet,Warm
BG5_2020,21,30,6,233.934,-3.252918217,Dry,Cold
A8_2020,21,30,2,233.934,-3.252918217,Dry,Cold
A10_2005,22,30,0,326.644,-2.633386836,Wet,Warm
B1_2005,22,30,7,326.644,-2.633386836,Wet,Warm
A18_2009,22,30,3,276.606,-2.993546066,Dry,Cold
B5_2009,22,30,8,276.606,-2.993546066,Dry,Cold
B4_2011,22,30,0,340.106,-2.932766528,Wet,Warm
B1_2011,22,30,9,340.106,-2.932766528,Wet,Warm
A10_2011,22,30,0,340.106,-2.932766528,Wet,Warm
A4_2011,22,30,2,340.106,-2.932766528,Wet,Warm
A13_2012,22,30,4,308.61,-2.678682782,Wet,Warm
B10_2012,22,30,0,308.61,-2.678682782,Wet,Warm
B1_2013,22,30,5,236.728,-3.650611887,Dry,Cold
A10_2014,22,30,7,279.146,-2.878476994,Dry,Warm
A7_2018,22,30,6,302.768,-2.579869562,Wet,Warm
A4_2019,22,30,7,219.71,-3.47547053,Dry,Cold
B8_2020,22,30,5,233.934,-3.252918217,Dry,Cold
A11_2005,23,30,0,326.644,-2.633386836,Wet,Warm
B1_2005,23,30,3,326.644,-2.633386836,Wet,Warm
A8_2007,23,30,2,455.676,-2.915787258,Wet,Warm
B13_2007,23,30,1,455.676,-2.915787258,Wet,Warm
A18_2009,23,30,3,276.606,-2.993546066,Dry,Cold
B5_2009,23,30,4,276.606,-2.993546066,Dry,Cold
B1_2009,23,30,4,276.606,-2.993546066,Dry,Cold
A13_2012,23,30,9,308.61,-2.678682782,Wet,Warm
B4_2012,23,30,1,308.61,-2.678682782,Wet,Warm
B10_2012,23,30,0,308.61,-2.678682782,Wet,Warm
B1_2013,23,30,12,236.728,-3.650611887,Dry,Cold
A10_2013,23,30,3,236.728,-3.650611887,Dry,Cold
B13_2013,23,30,20,236.728,-3.650611887,Dry,Cold
B2_2013,23,30,2,236.728,-3.650611887,Dry,Cold
A10_2014,23,30,8,279.146,-2.878476994,Dry,Warm
A4_2018,23,30,2,302.768,-2.579869562,Wet,Warm
B5_2019,23,30,5,219.71,-3.47547053,Dry,Cold
A4_2019,23,30,6,219.71,-3.47547053,Dry,Cold
A2_2020,23,30,17,233.934,-3.252918217,Dry,Cold
A11_2004,24,30,0,224.028,-3.067724376,Dry,Cold
B1_2005,24,30,1,326.644,-2.633386836,Wet,Warm
A18_2009,24,30,2,276.606,-2.993546066,Dry,Cold
A4_2009,24,30,1,276.606,-2.993546066,Dry,Cold
B1_2009,24,30,1,276.606,-2.993546066,Dry,Cold
A4_2011,24,30,4,340.106,-2.932766528,Wet,Warm
A13_2012,24,30,2,308.61,-2.678682782,Wet,Warm
B1_2013,24,30,3,236.728,-3.650611887,Dry,Cold
A10_2013,24,30,2,236.728,-3.650611887,Dry,Cold
B20_2013,24,30,27,236.728,-3.650611887,Dry,Cold
B17_2014,24,30,10,279.146,-2.878476994,Dry,Warm
B7_2014,24,30,13,279.146,-2.878476994,Dry,Warm
A27_2015,24,30,8,506.984,-2.316151362,Wet,Warm
A4_2018,24,30,1,302.768,-2.579869562,Wet,Warm
B2_2019,24,30,5,219.71,-3.47547053,Dry,Cold
B5_2019,24,30,2,219.71,-3.47547053,Dry,Cold
A4_2019,24,30,5,219.71,-3.47547053,Dry,Cold
A13_2005,25,30,0,326.644,-2.633386836,Wet,Warm
B1_2005,25,30,0,326.644,-2.633386836,Wet,Warm
B6_2006,25,30,3,180.34,-3.301481382,Dry,Cold
A8_2007,25,30,15,455.676,-2.915787258,Wet,Warm
A8_2009,25,30,2,276.606,-2.993546066,Dry,Cold
B18_2011,25,30,1,340.106,-2.932766528,Wet,Warm
B4_2011,25,30,1,340.106,-2.932766528,Wet,Warm
A13_2012,25,30,1,308.61,-2.678682782,Wet,Warm
B13_2013,25,30,3,236.728,-3.650611887,Dry,Cold
B13_2014,25,30,2,279.146,-2.878476994,Dry,Warm
A10_2015,25,30,4,506.984,-2.316151362,Wet,Warm
A18_2015,25,30,8,506.984,-2.316151362,Wet,Warm
A2_2019,25,30,2,219.71,-3.47547053,Dry,Cold
B2_2019,25,30,7,219.71,-3.47547053,Dry,Cold
A10_2007,26,30,0,455.676,-2.915787258,Wet,Warm
B1_2013,26,30,0,236.728,-3.650611887,Dry,Cold
A10_2013,26,30,0,236.728,-3.650611887,Dry,Cold
B13_2013,26,30,6,236.728,-3.650611887,Dry,Cold
B7_2014,26,30,2,279.146,-2.878476994,Dry,Warm
A8_2020,26,30,2,233.934,-3.252918217,Dry,Cold
A4_2004,27,30,2,224.028,-3.067724376,Dry,Cold
B19_2011,27,30,0,340.106,-2.932766528,Wet,Warm
B7_2014,27,30,9,279.146,-2.878476994,Dry,Warm
A10_2014,27,30,12,279.146,-2.878476994,Dry,Warm
B2_2019,28,30,4,219.71,-3.47547053,Dry,Cold
B2_2019,29,30,5,219.71,-3.47547053,Dry,Cold
B2_2019,31,30,4,219.71,-3.47547053,Dry,Cold
B13_2006,1,45,4,180.34,-3.301481382,Dry,Cold
A2_2015,1,45,2,506.984,-2.316151362,Wet,Warm
A40_2018,1,45,3,302.768,-2.579869562,Wet,Warm
A43_2020,1,45,0,233.934,-3.252918217,Dry,Cold
B14_2006,2,45,2,180.34,-3.301481382,Dry,Cold
A4_2007,2,45,0,455.676,-2.915787258,Wet,Warm
B1_2011,2,45,6,340.106,-2.932766528,Wet,Warm
B17_2012,2,45,1,308.61,-2.678682782,Wet,Warm
B5_2019,2,45,4,219.71,-3.47547053,Dry,Cold
A40_2019,2,45,4,219.71,-3.47547053,Dry,Cold
A13_2020,2,45,3,233.934,-3.252918217,Dry,Cold
A13_2005,3,45,5,326.644,-2.633386836,Wet,Warm
A4_2007,3,45,13,455.676,-2.915787258,Wet,Warm
A18_2012,3,45,2,308.61,-2.678682782,Wet,Warm
B11_2013,3,45,1,236.728,-3.650611887,Dry,Cold
B11_2013,3,45,9,236.728,-3.650611887,Dry,Cold
A10_2014,3,45,3,279.146,-2.878476994,Dry,Warm
A2_2017,3,45,0,291.084,-2.182970334,Dry,Warm
B6_2017,3,45,2,291.084,-2.182970334,Dry,Warm
A10_2018,3,45,1,302.768,-2.579869562,Wet,Warm
A13_2011,4,45,1,340.106,-2.932766528,Wet,Warm
B11_2013,4,45,0,236.728,-3.650611887,Dry,Cold
A2_2017,4,45,1,291.084,-2.182970334,Dry,Warm
A29_2017,4,45,2,291.084,-2.182970334,Dry,Warm
A27_2018,4,45,2,302.768,-2.579869562,Wet,Warm
A8_2019,4,45,5,219.71,-3.47547053,Dry,Cold
A2_2019,4,45,2,219.71,-3.47547053,Dry,Cold
A12_2009,5,45,1,276.606,-2.993546066,Dry,Cold
A18_2013,5,45,0,236.728,-3.650611887,Dry,Cold
A8_2018,5,45,4,302.768,-2.579869562,Wet,Warm
B5_2020,5,45,8,233.934,-3.252918217,Dry,Cold
B4_2012,6,45,1,308.61,-2.678682782,Wet,Warm
A18_2013,6,45,5,236.728,-3.650611887,Dry,Cold
A29_2013,6,45,3,236.728,-3.650611887,Dry,Cold
B18_2013,6,45,5,236.728,-3.650611887,Dry,Cold
A13_2017,6,45,3,291.084,-2.182970334,Dry,Warm
B5_2019,6,45,5,219.71,-3.47547053,Dry,Cold
A43_2020,6,45,5,233.934,-3.252918217,Dry,Cold
A4_2020,6,45,5,233.934,-3.252918217,Dry,Cold
A10_2009,7,45,7,276.606,-2.993546066,Dry,Cold
A10_2011,7,45,0,340.106,-2.932766528,Wet,Warm
B19_2012,7,45,0,308.61,-2.678682782,Wet,Warm
A29_2013,7,45,5,236.728,-3.650611887,Dry,Cold
BG4_2013,7,45,10,236.728,-3.650611887,Dry,Cold
B21_2014,7,45,4,279.146,-2.878476994,Dry,Warm
B13_2019,7,45,1,219.71,-3.47547053,Dry,Cold
A7_2020,7,45,3,233.934,-3.252918217,Dry,Cold
BG5_2020,7,45,8,233.934,-3.252918217,Dry,Cold
B17_2014,8,45,1,279.146,-2.878476994,Dry,Warm
B21_2014,8,45,2,279.146,-2.878476994,Dry,Warm
A43_2017,8,45,5,291.084,-2.182970334,Dry,Warm
B6_2017,8,45,4,291.084,-2.182970334,Dry,Warm
A13_2018,8,45,6,302.768,-2.579869562,Wet,Warm
A4_2019,8,45,5,219.71,-3.47547053,Dry,Cold
A18_2020,8,45,3,233.934,-3.252918217,Dry,Cold
B12_2011,9,45,0,340.106,-2.932766528,Wet,Warm
A4_2018,9,45,1,302.768,-2.579869562,Wet,Warm
A10_2020,9,45,10,233.934,-3.252918217,Dry,Cold
A11_2004,10,45,2,224.028,-3.067724376,Dry,Cold
B1_2009,10,45,11,276.606,-2.993546066,Dry,Cold
B18_2011,10,45,1,340.106,-2.932766528,Wet,Warm
A24_2020,10,45,5,233.934,-3.252918217,Dry,Cold
B14_2005,11,45,0,326.644,-2.633386836,Wet,Warm
A4_2009,11,45,3,276.606,-2.993546066,Dry,Cold
B6_2011,11,45,5,340.106,-2.932766528,Wet,Warm
A18_2013,11,45,15,236.728,-3.650611887,Dry,Cold
A13_2020,11,45,12,233.934,-3.252918217,Dry,Cold
B10_2020,11,45,9,233.934,-3.252918217,Dry,Cold
A8_2004,12,45,8,224.028,-3.067724376,Dry,Cold
B2_2009,12,45,7,276.606,-2.993546066,Dry,Cold
B5_2009,12,45,10,276.606,-2.993546066,Dry,Cold
B12_2013,12,45,4,236.728,-3.650611887,Dry,Cold
A8_2014,12,45,1,279.146,-2.878476994,Dry,Warm
B5_2020,12,45,2,233.934,-3.252918217,Dry,Cold
A41_2007,13,45,1,455.676,-2.915787258,Wet,Warm
B2_2009,13,45,2,276.606,-2.993546066,Dry,Cold
A10_2009,13,45,6,276.606,-2.993546066,Dry,Cold
B1_2011,13,45,4,340.106,-2.932766528,Wet,Warm
BG4_2013,13,45,17,236.728,-3.650611887,Dry,Cold
A40_2018,13,45,7,302.768,-2.579869562,Wet,Warm
A18_2020,13,45,4,233.934,-3.252918217,Dry,Cold
A8_2009,14,45,12,276.606,-2.993546066,Dry,Cold
B20_2013,14,45,5,236.728,-3.650611887,Dry,Cold
BG4_2013,14,45,10,236.728,-3.650611887,Dry,Cold
B5_2019,14,45,4,219.71,-3.47547053,Dry,Cold
A10_2020,14,45,9,233.934,-3.252918217,Dry,Cold
B5_2005,15,45,18,326.644,-2.633386836,Wet,Warm
B13_2005,15,45,10,326.644,-2.633386836,Wet,Warm
A41_2014,15,45,2,279.146,-2.878476994,Dry,Warm
A4_2018,15,45,4,302.768,-2.579869562,Wet,Warm
A2_2005,16,45,13,326.644,-2.633386836,Wet,Warm
B1_2009,16,45,7,276.606,-2.993546066,Dry,Cold
A20_2018,16,45,9,302.768,-2.579869562,Wet,Warm
A24_2018,16,45,7,302.768,-2.579869562,Wet,Warm
A2_2018,16,45,8,302.768,-2.579869562,Wet,Warm
B5_2019,16,45,5,219.71,-3.47547053,Dry,Cold
A10_2004,17,45,8,224.028,-3.067724376,Dry,Cold
B1_2004,17,45,6,224.028,-3.067724376,Dry,Cold
A11_2004,17,45,7,224.028,-3.067724376,Dry,Cold
A4_2011,17,45,4,340.106,-2.932766528,Wet,Warm
A13_2012,17,45,11,308.61,-2.678682782,Wet,Warm
B2_2012,17,45,5,308.61,-2.678682782,Wet,Warm
A4_2018,17,45,9,302.768,-2.579869562,Wet,Warm
B5_2019,17,45,8,219.71,-3.47547053,Dry,Cold
A13_2011,18,45,4,340.106,-2.932766528,Wet,Warm
A4_2011,18,45,5,340.106,-2.932766528,Wet,Warm
A13_2012,18,45,14,308.61,-2.678682782,Wet,Warm
B1_2013,18,45,23,236.728,-3.650611887,Dry,Cold
A4_2013,18,45,3,236.728,-3.650611887,Dry,Cold
A24_2014,18,45,4,279.146,-2.878476994,Dry,Warm
B13_2019,18,45,6,219.71,-3.47547053,Dry,Cold
B10_2020,18,45,11,233.934,-3.252918217,Dry,Cold
B17_2005,19,45,1,326.644,-2.633386836,Wet,Warm
B10_2005,19,45,9,326.644,-2.633386836,Wet,Warm
B4_2005,19,45,9,326.644,-2.633386836,Wet,Warm
B5_2009,19,45,13,276.606,-2.993546066,Dry,Cold
A8_2009,19,45,7,276.606,-2.993546066,Dry,Cold
A4_2011,19,45,4,340.106,-2.932766528,Wet,Warm
B8_2014,19,45,1,279.146,-2.878476994,Dry,Warm
A10_2014,19,45,7,279.146,-2.878476994,Dry,Warm
A40_2019,19,45,1,219.71,-3.47547053,Dry,Cold
BG5_2019,19,45,2,219.71,-3.47547053,Dry,Cold
A8_2020,19,45,3,233.934,-3.252918217,Dry,Cold
A8_2004,20,45,5,224.028,-3.067724376,Dry,Cold
B1_2005,20,45,11,326.644,-2.633386836,Wet,Warm
B8_2007,20,45,4,455.676,-2.915787258,Wet,Warm
B5_2009,20,45,14,276.606,-2.993546066,Dry,Cold
B1_2011,20,45,7,340.106,-2.932766528,Wet,Warm
A4_2011,20,45,20,340.106,-2.932766528,Wet,Warm
A4_2012,20,45,1,308.61,-2.678682782,Wet,Warm
B1_2013,20,45,18,236.728,-3.650611887,Dry,Cold
B20_2013,20,45,5,236.728,-3.650611887,Dry,Cold
B5_2019,20,45,2,219.71,-3.47547053,Dry,Cold
B2_2019,20,45,2,219.71,-3.47547053,Dry,Cold
A41_2004,21,45,12,224.028,-3.067724376,Dry,Cold
B7_2004,21,45,1,224.028,-3.067724376,Dry,Cold
B1_2005,21,45,7,326.644,-2.633386836,Wet,Warm
A18_2009,21,45,3,276.606,-2.993546066,Dry,Cold
B5_2009,21,45,17,276.606,-2.993546066,Dry,Cold
B19_2011,21,45,10,340.106,-2.932766528,Wet,Warm
B4_2011,21,45,2,340.106,-2.932766528,Wet,Warm
B1_2011,21,45,5,340.106,-2.932766528,Wet,Warm
A4_2011,21,45,17,340.106,-2.932766528,Wet,Warm
B1_2013,21,45,2,236.728,-3.650611887,Dry,Cold
B14_2013,21,45,2,236.728,-3.650611887,Dry,Cold
A4_2018,21,45,13,302.768,-2.579869562,Wet,Warm
A20_2018,21,45,2,302.768,-2.579869562,Wet,Warm
BG5_2020,21,45,6,233.934,-3.252918217,Dry,Cold
A8_2020,21,45,5,233.934,-3.252918217,Dry,Cold
A10_2005,22,45,9,326.644,-2.633386836,Wet,Warm
B1_2005,22,45,7,326.644,-2.633386836,Wet,Warm
A18_2009,22,45,12,276.606,-2.993546066,Dry,Cold
B5_2009,22,45,21,276.606,-2.993546066,Dry,Cold
B4_2011,22,45,2,340.106,-2.932766528,Wet,Warm
B1_2011,22,45,6,340.106,-2.932766528,Wet,Warm
A10_2011,22,45,4,340.106,-2.932766528,Wet,Warm
A4_2011,22,45,6,340.106,-2.932766528,Wet,Warm
A13_2012,22,45,19,308.61,-2.678682782,Wet,Warm
B10_2012,22,45,1,308.61,-2.678682782,Wet,Warm
B1_2013,22,45,18,236.728,-3.650611887,Dry,Cold
B17_2014,22,45,1,279.146,-2.878476994,Dry,Warm
A27_2015,22,45,9,506.984,-2.316151362,Wet,Warm
A7_2018,22,45,6,302.768,-2.579869562,Wet,Warm
A4_2019,22,45,1,219.71,-3.47547053,Dry,Cold
B8_2020,22,45,5,233.934,-3.252918217,Dry,Cold
B11_2004,23,45,10,224.028,-3.067724376,Dry,Cold
A11_2005,23,45,1,326.644,-2.633386836,Wet,Warm
B1_2005,23,45,12,326.644,-2.633386836,Wet,Warm
A8_2007,23,45,6,455.676,-2.915787258,Wet,Warm
B13_2007,23,45,4,455.676,-2.915787258,Wet,Warm
A18_2009,23,45,12,276.606,-2.993546066,Dry,Cold
B5_2009,23,45,10,276.606,-2.993546066,Dry,Cold
B1_2009,23,45,5,276.606,-2.993546066,Dry,Cold
A13_2012,23,45,21,308.61,-2.678682782,Wet,Warm
B4_2012,23,45,7,308.61,-2.678682782,Wet,Warm
B10_2012,23,45,5,308.61,-2.678682782,Wet,Warm
B1_2013,23,45,19,236.728,-3.650611887,Dry,Cold
A10_2013,23,45,17,236.728,-3.650611887,Dry,Cold
B13_2013,23,45,12,236.728,-3.650611887,Dry,Cold
B2_2013,23,45,12,236.728,-3.650611887,Dry,Cold
A10_2014,23,45,2,279.146,-2.878476994,Dry,Warm
A40_2018,23,45,1,302.768,-2.579869562,Wet,Warm
A4_2018,23,45,10,302.768,-2.579869562,Wet,Warm
B5_2019,23,45,5,219.71,-3.47547053,Dry,Cold
A4_2019,23,45,4,219.71,-3.47547053,Dry,Cold
A2_2020,23,45,18,233.934,-3.252918217,Dry,Cold
A11_2004,24,45,3,224.028,-3.067724376,Dry,Cold
B1_2005,24,45,0,326.644,-2.633386836,Wet,Warm
A18_2009,24,45,1,276.606,-2.993546066,Dry,Cold
A4_2009,24,45,3,276.606,-2.993546066,Dry,Cold
B1_2009,24,45,5,276.606,-2.993546066,Dry,Cold
A4_2011,24,45,7,340.106,-2.932766528,Wet,Warm
A13_2012,24,45,10,308.61,-2.678682782,Wet,Warm
B1_2013,24,45,10,236.728,-3.650611887,Dry,Cold
A10_2013,24,45,7,236.728,-3.650611887,Dry,Cold
B20_2013,24,45,21,236.728,-3.650611887,Dry,Cold
B17_2014,24,45,8,279.146,-2.878476994,Dry,Warm
B7_2014,24,45,11,279.146,-2.878476994,Dry,Warm
A27_2015,24,45,8,506.984,-2.316151362,Wet,Warm
A4_2018,24,45,9,302.768,-2.579869562,Wet,Warm
B2_2019,24,45,4,219.71,-3.47547053,Dry,Cold
A4_2019,24,45,3,219.71,-3.47547053,Dry,Cold
A13_2005,25,45,2,326.644,-2.633386836,Wet,Warm
B1_2005,25,45,9,326.644,-2.633386836,Wet,Warm
B6_2006,25,45,12,180.34,-3.301481382,Dry,Cold
A8_2007,25,45,13,455.676,-2.915787258,Wet,Warm
A8_2009,25,45,10,276.606,-2.993546066,Dry,Cold
B18_2011,25,45,1,340.106,-2.932766528,Wet,Warm
B4_2011,25,45,1,340.106,-2.932766528,Wet,Warm
B1_2013,25,45,0,236.728,-3.650611887,Dry,Cold
B13_2013,25,45,4,236.728,-3.650611887,Dry,Cold
A10_2015,25,45,1,506.984,-2.316151362,Wet,Warm
A18_2015,25,45,4,506.984,-2.316151362,Wet,Warm
A27_2015,25,45,5,506.984,-2.316151362,Wet,Warm
A4_2018,25,45,2,302.768,-2.579869562,Wet,Warm
A2_2019,25,45,4,219.71,-3.47547053,Dry,Cold
B2_2019,25,45,5,219.71,-3.47547053,Dry,Cold
A10_2007,26,45,4,455.676,-2.915787258,Wet,Warm
B1_2013,26,45,0,236.728,-3.650611887,Dry,Cold
A10_2013,26,45,9,236.728,-3.650611887,Dry,Cold
A4_2018,26,45,8,302.768,-2.579869562,Wet,Warm
A8_2020,26,45,1,233.934,-3.252918217,Dry,Cold
A4_2004,27,45,1,224.028,-3.067724376,Dry,Cold
B19_2011,27,45,1,340.106,-2.932766528,Wet,Warm
B17_2014,27,45,3,279.146,-2.878476994,Dry,Warm
B7_2014,27,45,1,279.146,-2.878476994,Dry,Warm
A10_2014,27,45,7,279.146,-2.878476994,Dry,Warm
A4_2018,27,45,5,302.768,-2.579869562,Wet,Warm
B2_2019,28,45,1,219.71,-3.47547053,Dry,Cold
B2_2019,29,45,2,219.71,-3.47547053,Dry,Cold
B2_2019,31,45,2,219.71,-3.47547053,Dry,Cold
B13_2006,1,60,6,180.34,-3.301481382,Dry,Cold
A40_2018,1,60,1,302.768,-2.579869562,Wet,Warm
A4_2019,1,60,1,219.71,-3.47547053,Dry,Cold
A43_2020,1,60,1,233.934,-3.252918217,Dry,Cold
B14_2006,2,60,5,180.34,-3.301481382,Dry,Cold
B17_2012,2,60,0,308.61,-2.678682782,Wet,Warm
B12_2017,2,60,1,291.084,-2.182970334,Dry,Warm
A10_2018,2,60,1,302.768,-2.579869562,Wet,Warm
B5_2019,2,60,1,219.71,-3.47547053,Dry,Cold
B2_2004,3,60,1,224.028,-3.067724376,Dry,Cold
A4_2007,3,60,1,455.676,-2.915787258,Wet,Warm
B11_2013,3,60,1,236.728,-3.650611887,Dry,Cold
B11_2013,3,60,6,236.728,-3.650611887,Dry,Cold
A2_2017,3,60,2,291.084,-2.182970334,Dry,Warm
B6_2017,3,60,2,291.084,-2.182970334,Dry,Warm
A10_2018,3,60,2,302.768,-2.579869562,Wet,Warm
B11_2013,4,60,0,236.728,-3.650611887,Dry,Cold
A29_2017,4,60,3,291.084,-2.182970334,Dry,Warm
A8_2019,4,60,1,219.71,-3.47547053,Dry,Cold
A2_2019,4,60,1,219.71,-3.47547053,Dry,Cold
A12_2009,5,60,5,276.606,-2.993546066,Dry,Cold
A18_2013,5,60,3,236.728,-3.650611887,Dry,Cold
A8_2018,5,60,4,302.768,-2.579869562,Wet,Warm
B5_2020,5,60,1,233.934,-3.252918217,Dry,Cold
A18_2013,6,60,1,236.728,-3.650611887,Dry,Cold
A29_2013,6,60,6,236.728,-3.650611887,Dry,Cold
B18_2013,6,60,1,236.728,-3.650611887,Dry,Cold
A13_2017,6,60,4,291.084,-2.182970334,Dry,Warm
B5_2019,6,60,3,219.71,-3.47547053,Dry,Cold
A43_2020,6,60,3,233.934,-3.252918217,Dry,Cold
A4_2020,6,60,3,233.934,-3.252918217,Dry,Cold
A10_2009,7,60,6,276.606,-2.993546066,Dry,Cold
A10_2011,7,60,0,340.106,-2.932766528,Wet,Warm
B19_2012,7,60,2,308.61,-2.678682782,Wet,Warm
A29_2013,7,60,4,236.728,-3.650611887,Dry,Cold
BG4_2013,7,60,20,236.728,-3.650611887,Dry,Cold
B21_2014,7,60,1,279.146,-2.878476994,Dry,Warm
B13_2019,7,60,3,219.71,-3.47547053,Dry,Cold
BG5_2020,7,60,4,233.934,-3.252918217,Dry,Cold
B21_2014,8,60,1,279.146,-2.878476994,Dry,Warm
A43_2017,8,60,3,291.084,-2.182970334,Dry,Warm
B6_2017,8,60,5,291.084,-2.182970334,Dry,Warm
A13_2018,8,60,8,302.768,-2.579869562,Wet,Warm
A4_2019,8,60,4,219.71,-3.47547053,Dry,Cold
A18_2020,8,60,5,233.934,-3.252918217,Dry,Cold
B12_2011,9,60,2,340.106,-2.932766528,Wet,Warm
A4_2018,9,60,10,302.768,-2.579869562,Wet,Warm
A10_2020,9,60,4,233.934,-3.252918217,Dry,Cold
A11_2004,10,60,7,224.028,-3.067724376,Dry,Cold
B1_2009,10,60,5,276.606,-2.993546066,Dry,Cold
A24_2020,10,60,5,233.934,-3.252918217,Dry,Cold
B14_2005,11,60,0,326.644,-2.633386836,Wet,Warm
A4_2009,11,60,2,276.606,-2.993546066,Dry,Cold
B6_2011,11,60,1,340.106,-2.932766528,Wet,Warm
A18_2013,11,60,11,236.728,-3.650611887,Dry,Cold
A13_2013,11,60,0,236.728,-3.650611887,Dry,Cold
A13_2020,11,60,6,233.934,-3.252918217,Dry,Cold
B10_2020,11,60,7,233.934,-3.252918217,Dry,Cold
A18_2004,12,60,4,224.028,-3.067724376,Dry,Cold
A8_2004,12,60,7,224.028,-3.067724376,Dry,Cold
B2_2009,12,60,4,276.606,-2.993546066,Dry,Cold
B5_2009,12,60,5,276.606,-2.993546066,Dry,Cold
B12_2013,12,60,0,236.728,-3.650611887,Dry,Cold
B5_2020,12,60,10,233.934,-3.252918217,Dry,Cold
A41_2007,13,60,0,455.676,-2.915787258,Wet,Warm
B2_2009,13,60,2,276.606,-2.993546066,Dry,Cold
A2_2009,13,60,6,276.606,-2.993546066,Dry,Cold
B1_2011,13,60,6,340.106,-2.932766528,Wet,Warm
BG4_2013,13,60,12,236.728,-3.650611887,Dry,Cold
A18_2020,13,60,11,233.934,-3.252918217,Dry,Cold
A8_2009,14,60,9,276.606,-2.993546066,Dry,Cold
BG4_2013,14,60,12,236.728,-3.650611887,Dry,Cold
A10_2020,14,60,11,233.934,-3.252918217,Dry,Cold
B5_2005,15,60,5,326.644,-2.633386836,Wet,Warm
B13_2005,15,60,3,326.644,-2.633386836,Wet,Warm
A41_2006,15,60,3,180.34,-3.301481382,Dry,Cold
B4_2012,15,60,1,308.61,-2.678682782,Wet,Warm
A4_2018,15,60,3,302.768,-2.579869562,Wet,Warm
A2_2005,16,60,8,326.644,-2.633386836,Wet,Warm
B17_2015,16,60,3,506.984,-2.316151362,Wet,Warm
A20_2018,16,60,2,302.768,-2.579869562,Wet,Warm
A7_2018,16,60,4,302.768,-2.579869562,Wet,Warm
A24_2018,16,60,1,302.768,-2.579869562,Wet,Warm
A2_2018,16,60,7,302.768,-2.579869562,Wet,Warm
B5_2019,16,60,1,219.71,-3.47547053,Dry,Cold
A10_2004,17,60,13,224.028,-3.067724376,Dry,Cold
B1_2004,17,60,8,224.028,-3.067724376,Dry,Cold
A11_2004,17,60,3,224.028,-3.067724376,Dry,Cold
A4_2011,17,60,10,340.106,-2.932766528,Wet,Warm
A13_2012,17,60,13,308.61,-2.678682782,Wet,Warm
B2_2012,17,60,1,308.61,-2.678682782,Wet,Warm
A4_2018,17,60,3,302.768,-2.579869562,Wet,Warm
B5_2019,17,60,4,219.71,-3.47547053,Dry,Cold
A13_2011,18,60,4,340.106,-2.932766528,Wet,Warm
A4_2011,18,60,3,340.106,-2.932766528,Wet,Warm
A13_2012,18,60,18,308.61,-2.678682782,Wet,Warm
B1_2013,18,60,20,236.728,-3.650611887,Dry,Cold
A4_2013,18,60,1,236.728,-3.650611887,Dry,Cold
A24_2014,18,60,1,279.146,-2.878476994,Dry,Warm
B10_2020,18,60,5,233.934,-3.252918217,Dry,Cold
B17_2005,19,60,1,326.644,-2.633386836,Wet,Warm
B10_2005,19,60,4,326.644,-2.633386836,Wet,Warm
B4_2005,19,60,4,326.644,-2.633386836,Wet,Warm
B5_2009,19,60,9,276.606,-2.993546066,Dry,Cold
A4_2011,19,60,11,340.106,-2.932766528,Wet,Warm
B8_2014,19,60,0,279.146,-2.878476994,Dry,Warm
A40_2019,19,60,6,219.71,-3.47547053,Dry,Cold
BG5_2019,19,60,1,219.71,-3.47547053,Dry,Cold
A8_2020,19,60,3,233.934,-3.252918217,Dry,Cold
A8_2004,20,60,8,224.028,-3.067724376,Dry,Cold
B1_2005,20,60,13,326.644,-2.633386836,Wet,Warm
B5_2009,20,60,7,276.606,-2.993546066,Dry,Cold
B1_2011,20,60,6,340.106,-2.932766528,Wet,Warm
A4_2011,20,60,8,340.106,-2.932766528,Wet,Warm
A4_2012,20,60,1,308.61,-2.678682782,Wet,Warm
B1_2013,20,60,18,236.728,-3.650611887,Dry,Cold
B5_2019,20,60,2,219.71,-3.47547053,Dry,Cold
B2_2019,20,60,5,219.71,-3.47547053,Dry,Cold
A41_2004,21,60,13,224.028,-3.067724376,Dry,Cold
B7_2004,21,60,11,224.028,-3.067724376,Dry,Cold
B1_2005,21,60,8,326.644,-2.633386836,Wet,Warm
A18_2009,21,60,5,276.606,-2.993546066,Dry,Cold
B5_2009,21,60,20,276.606,-2.993546066,Dry,Cold
B19_2011,21,60,3,340.106,-2.932766528,Wet,Warm
B4_2011,21,60,4,340.106,-2.932766528,Wet,Warm
B1_2011,21,60,6,340.106,-2.932766528,Wet,Warm
A4_2011,21,60,13,340.106,-2.932766528,Wet,Warm
B1_2013,21,60,13,236.728,-3.650611887,Dry,Cold
B14_2013,21,60,0,236.728,-3.650611887,Dry,Cold
A4_2018,21,60,7,302.768,-2.579869562,Wet,Warm
A20_2018,21,60,3,302.768,-2.579869562,Wet,Warm
A8_2020,21,60,3,233.934,-3.252918217,Dry,Cold
A10_2005,22,60,11,326.644,-2.633386836,Wet,Warm
B1_2005,22,60,7,326.644,-2.633386836,Wet,Warm
A18_2009,22,60,7,276.606,-2.993546066,Dry,Cold
B5_2009,22,60,10,276.606,-2.993546066,Dry,Cold
B4_2011,22,60,5,340.106,-2.932766528,Wet,Warm
B1_2011,22,60,5,340.106,-2.932766528,Wet,Warm
A10_2011,22,60,6,340.106,-2.932766528,Wet,Warm
A4_2011,22,60,3,340.106,-2.932766528,Wet,Warm
A13_2012,22,60,17,308.61,-2.678682782,Wet,Warm
B1_2013,22,60,11,236.728,-3.650611887,Dry,Cold
A27_2015,22,60,4,506.984,-2.316151362,Wet,Warm
A7_2018,22,60,8,302.768,-2.579869562,Wet,Warm
A4_2019,22,60,1,219.71,-3.47547053,Dry,Cold
B8_2020,22,60,3,233.934,-3.252918217,Dry,Cold
B11_2004,23,60,16,224.028,-3.067724376,Dry,Cold
A11_2005,23,60,8,326.644,-2.633386836,Wet,Warm
B1_2005,23,60,6,326.644,-2.633386836,Wet,Warm
A8_2007,23,60,7,455.676,-2.915787258,Wet,Warm
B13_2007,23,60,4,455.676,-2.915787258,Wet,Warm
A18_2009,23,60,6,276.606,-2.993546066,Dry,Cold
B5_2009,23,60,12,276.606,-2.993546066,Dry,Cold
B1_2009,23,60,2,276.606,-2.993546066,Dry,Cold
A13_2012,23,60,9,308.61,-2.678682782,Wet,Warm
B4_2012,23,60,4,308.61,-2.678682782,Wet,Warm
B10_2012,23,60,4,308.61,-2.678682782,Wet,Warm
B1_2013,23,60,10,236.728,-3.650611887,Dry,Cold
A10_2013,23,60,15,236.728,-3.650611887,Dry,Cold
B13_2013,23,60,5,236.728,-3.650611887,Dry,Cold
B2_2013,23,60,5,236.728,-3.650611887,Dry,Cold
A4_2018,23,60,13,302.768,-2.579869562,Wet,Warm
A4_2019,23,60,2,219.71,-3.47547053,Dry,Cold
A2_2020,23,60,11,233.934,-3.252918217,Dry,Cold
A11_2004,24,60,5,224.028,-3.067724376,Dry,Cold
B1_2005,24,60,0,326.644,-2.633386836,Wet,Warm
A18_2009,24,60,1,276.606,-2.993546066,Dry,Cold
A4_2009,24,60,2,276.606,-2.993546066,Dry,Cold
A4_2011,24,60,2,340.106,-2.932766528,Wet,Warm
A13_2012,24,60,13,308.61,-2.678682782,Wet,Warm
B1_2013,24,60,7,236.728,-3.650611887,Dry,Cold
A10_2013,24,60,4,236.728,-3.650611887,Dry,Cold
B20_2013,24,60,20,236.728,-3.650611887,Dry,Cold
B17_2014,24,60,4,279.146,-2.878476994,Dry,Warm
B7_2014,24,60,9,279.146,-2.878476994,Dry,Warm
A27_2015,24,60,4,506.984,-2.316151362,Wet,Warm
A4_2018,24,60,7,302.768,-2.579869562,Wet,Warm
A13_2005,25,60,2,326.644,-2.633386836,Wet,Warm
B1_2005,25,60,1,326.644,-2.633386836,Wet,Warm
B6_2006,25,60,1,180.34,-3.301481382,Dry,Cold
A8_2007,25,60,3,455.676,-2.915787258,Wet,Warm
A8_2009,25,60,13,276.606,-2.993546066,Dry,Cold
B4_2011,25,60,3,340.106,-2.932766528,Wet,Warm
B1_2013,25,60,0,236.728,-3.650611887,Dry,Cold
B13_2013,25,60,4,236.728,-3.650611887,Dry,Cold
A18_2015,25,60,5,506.984,-2.316151362,Wet,Warm
A27_2015,25,60,4,506.984,-2.316151362,Wet,Warm
A4_2018,25,60,1,302.768,-2.579869562,Wet,Warm
A2_2019,25,60,2,219.71,-3.47547053,Dry,Cold
B2_2019,25,60,1,219.71,-3.47547053,Dry,Cold
A10_2007,26,60,2,455.676,-2.915787258,Wet,Warm
A10_2013,26,60,12,236.728,-3.650611887,Dry,Cold
A27_2015,26,60,1,506.984,-2.316151362,Wet,Warm
A4_2018,26,60,7,302.768,-2.579869562,Wet,Warm
A4_2004,27,60,0,224.028,-3.067724376,Dry,Cold
B19_2011,27,60,10,340.106,-2.932766528,Wet,Warm
B17_2014,27,60,3,279.146,-2.878476994,Dry,Warm
A4_2018,27,60,3,302.768,-2.579869562,Wet,Warm
A10_2013,28,60,0,236.728,-3.650611887,Dry,Cold
B17_2014,28,60,1,279.146,-2.878476994,Dry,Warm
B2_2019,29,60,1,219.71,-3.47547053,Dry,Cold
B5_2009,1,75,2,276.606,-2.993546066,Dry,Cold
B13_2014,1,75,2,279.146,-2.878476994,Dry,Warm
A40_2018,1,75,1,302.768,-2.579869562,Wet,Warm
B14_2006,2,75,1,180.34,-3.301481382,Dry,Cold
B17_2012,2,75,0,308.61,-2.678682782,Wet,Warm
B12_2017,2,75,1,291.084,-2.182970334,Dry,Warm
A10_2018,2,75,1,302.768,-2.579869562,Wet,Warm
B2_2004,3,75,2,224.028,-3.067724376,Dry,Cold
B11_2013,3,75,0,236.728,-3.650611887,Dry,Cold
B11_2013,3,75,4,236.728,-3.650611887,Dry,Cold
A2_2017,3,75,1,291.084,-2.182970334,Dry,Warm
B6_2017,3,75,2,291.084,-2.182970334,Dry,Warm
A10_2018,3,75,1,302.768,-2.579869562,Wet,Warm
B11_2013,4,75,1,236.728,-3.650611887,Dry,Cold
A27_2017,4,75,1,291.084,-2.182970334,Dry,Warm
A29_2017,4,75,1,291.084,-2.182970334,Dry,Warm
A2_2019,4,75,1,219.71,-3.47547053,Dry,Cold
A29_2007,5,75,0,455.676,-2.915787258,Wet,Warm
A12_2009,5,75,1,276.606,-2.993546066,Dry,Cold
A18_2013,5,75,1,236.728,-3.650611887,Dry,Cold
A8_2018,5,75,2,302.768,-2.579869562,Wet,Warm
A7_2019,5,75,1,219.71,-3.47547053,Dry,Cold
A18_2013,6,75,4,236.728,-3.650611887,Dry,Cold
A29_2013,6,75,5,236.728,-3.650611887,Dry,Cold
A13_2017,6,75,2,291.084,-2.182970334,Dry,Warm
B5_2019,6,75,3,219.71,-3.47547053,Dry,Cold
A43_2020,6,75,3,233.934,-3.252918217,Dry,Cold
A4_2020,6,75,2,233.934,-3.252918217,Dry,Cold
A10_2009,7,75,6,276.606,-2.993546066,Dry,Cold
A10_2011,7,75,5,340.106,-2.932766528,Wet,Warm
A29_2013,7,75,1,236.728,-3.650611887,Dry,Cold
BG4_2013,7,75,9,236.728,-3.650611887,Dry,Cold
A13_2014,7,75,1,279.146,-2.878476994,Dry,Warm
BG5_2020,7,75,7,233.934,-3.252918217,Dry,Cold
A13_2013,8,75,1,236.728,-3.650611887,Dry,Cold
B21_2014,8,75,1,279.146,-2.878476994,Dry,Warm
A43_2017,8,75,1,291.084,-2.182970334,Dry,Warm
B6_2017,8,75,1,291.084,-2.182970334,Dry,Warm
A4_2019,8,75,5,219.71,-3.47547053,Dry,Cold
A18_2020,8,75,1,233.934,-3.252918217,Dry,Cold
B12_2011,9,75,0,340.106,-2.932766528,Wet,Warm
A4_2018,9,75,5,302.768,-2.579869562,Wet,Warm
A10_2020,9,75,0,233.934,-3.252918217,Dry,Cold
B1_2009,10,75,1,276.606,-2.993546066,Dry,Cold
B14_2005,11,75,0,326.644,-2.633386836,Wet,Warm
A18_2013,11,75,4,236.728,-3.650611887,Dry,Cold
A13_2013,11,75,1,236.728,-3.650611887,Dry,Cold
A13_2020,11,75,4,233.934,-3.252918217,Dry,Cold
B10_2020,11,75,10,233.934,-3.252918217,Dry,Cold
A18_2004,12,75,1,224.028,-3.067724376,Dry,Cold
A8_2004,12,75,1,224.028,-3.067724376,Dry,Cold
B12_2013,12,75,1,236.728,-3.650611887,Dry,Cold
B5_2020,12,75,7,233.934,-3.252918217,Dry,Cold
A41_2007,13,75,0,455.676,-2.915787258,Wet,Warm
B2_2009,13,75,1,276.606,-2.993546066,Dry,Cold
A2_2009,13,75,2,276.606,-2.993546066,Dry,Cold
B1_2011,13,75,2,340.106,-2.932766528,Wet,Warm
BG4_2013,13,75,11,236.728,-3.650611887,Dry,Cold
A18_2020,13,75,5,233.934,-3.252918217,Dry,Cold
B1_2005,14,75,0,326.644,-2.633386836,Wet,Warm
A8_2009,14,75,11,276.606,-2.993546066,Dry,Cold
BG4_2013,14,75,8,236.728,-3.650611887,Dry,Cold
A10_2020,14,75,9,233.934,-3.252918217,Dry,Cold
B5_2005,15,75,0,326.644,-2.633386836,Wet,Warm
B13_2005,15,75,1,326.644,-2.633386836,Wet,Warm
A41_2006,15,75,1,180.34,-3.301481382,Dry,Cold
A4_2018,15,75,2,302.768,-2.579869562,Wet,Warm
A2_2005,16,75,7,326.644,-2.633386836,Wet,Warm
A20_2018,16,75,1,302.768,-2.579869562,Wet,Warm
A7_2018,16,75,5,302.768,-2.579869562,Wet,Warm
A2_2018,16,75,2,302.768,-2.579869562,Wet,Warm
B5_2019,16,75,3,219.71,-3.47547053,Dry,Cold
A10_2004,17,75,1,224.028,-3.067724376,Dry,Cold
B1_2004,17,75,1,224.028,-3.067724376,Dry,Cold
A4_2011,17,75,17,340.106,-2.932766528,Wet,Warm
A13_2012,17,75,8,308.61,-2.678682782,Wet,Warm
A4_2018,17,75,1,302.768,-2.579869562,Wet,Warm
A4_2011,18,75,2,340.106,-2.932766528,Wet,Warm
A13_2012,18,75,11,308.61,-2.678682782,Wet,Warm
B1_2013,18,75,11,236.728,-3.650611887,Dry,Cold
B10_2005,19,75,8,326.644,-2.633386836,Wet,Warm
B4_2005,19,75,6,326.644,-2.633386836,Wet,Warm
B5_2009,19,75,12,276.606,-2.993546066,Dry,Cold
A4_2011,19,75,7,340.106,-2.932766528,Wet,Warm
B8_2014,19,75,3,279.146,-2.878476994,Dry,Warm
A40_2019,19,75,2,219.71,-3.47547053,Dry,Cold
A8_2020,19,75,2,233.934,-3.252918217,Dry,Cold
A8_2004,20,75,5,224.028,-3.067724376,Dry,Cold
B1_2005,20,75,12,326.644,-2.633386836,Wet,Warm
B5_2009,20,75,18,276.606,-2.993546066,Dry,Cold
B1_2011,20,75,2,340.106,-2.932766528,Wet,Warm
A4_2011,20,75,4,340.106,-2.932766528,Wet,Warm
A18_2013,20,75,2,236.728,-3.650611887,Dry,Cold
B1_2013,20,75,10,236.728,-3.650611887,Dry,Cold
B5_2019,20,75,6,219.71,-3.47547053,Dry,Cold
B2_2019,20,75,2,219.71,-3.47547053,Dry,Cold
A41_2004,21,75,2,224.028,-3.067724376,Dry,Cold
B7_2004,21,75,7,224.028,-3.067724376,Dry,Cold
B1_2005,21,75,4,326.644,-2.633386836,Wet,Warm
A18_2009,21,75,4,276.606,-2.993546066,Dry,Cold
B5_2009,21,75,7,276.606,-2.993546066,Dry,Cold
B19_2011,21,75,5,340.106,-2.932766528,Wet,Warm
B4_2011,21,75,3,340.106,-2.932766528,Wet,Warm
B1_2011,21,75,2,340.106,-2.932766528,Wet,Warm
A4_2011,21,75,5,340.106,-2.932766528,Wet,Warm
B1_2013,21,75,8,236.728,-3.650611887,Dry,Cold
B14_2013,21,75,1,236.728,-3.650611887,Dry,Cold
A4_2018,21,75,12,302.768,-2.579869562,Wet,Warm
A20_2018,21,75,3,302.768,-2.579869562,Wet,Warm
A7_2020,21,75,2,233.934,-3.252918217,Dry,Cold
A8_2020,21,75,1,233.934,-3.252918217,Dry,Cold
A10_2005,22,75,5,326.644,-2.633386836,Wet,Warm
B1_2005,22,75,6,326.644,-2.633386836,Wet,Warm
A18_2009,22,75,5,276.606,-2.993546066,Dry,Cold
B5_2009,22,75,9,276.606,-2.993546066,Dry,Cold
B4_2011,22,75,5,340.106,-2.932766528,Wet,Warm
B1_2011,22,75,3,340.106,-2.932766528,Wet,Warm
A10_2011,22,75,6,340.106,-2.932766528,Wet,Warm
A4_2011,22,75,5,340.106,-2.932766528,Wet,Warm
A13_2012,22,75,12,308.61,-2.678682782,Wet,Warm
B1_2013,22,75,4,236.728,-3.650611887,Dry,Cold
A27_2015,22,75,3,506.984,-2.316151362,Wet,Warm
A4_2019,22,75,2,219.71,-3.47547053,Dry,Cold
B8_2020,22,75,6,233.934,-3.252918217,Dry,Cold
B11_2004,23,75,12,224.028,-3.067724376,Dry,Cold
A11_2005,23,75,10,326.644,-2.633386836,Wet,Warm
B1_2005,23,75,7,326.644,-2.633386836,Wet,Warm
A18_2009,23,75,2,276.606,-2.993546066,Dry,Cold
B5_2009,23,75,13,276.606,-2.993546066,Dry,Cold
A13_2012,23,75,10,308.61,-2.678682782,Wet,Warm
B4_2012,23,75,2,308.61,-2.678682782,Wet,Warm
B10_2012,23,75,0,308.61,-2.678683,Wet,Warm
B1_2013,23,75,12,236.728,-3.650612,Dry,Cold
A10_2013,23,75,7,236.728,-3.650612,Dry,Cold
B13_2013,23,75,6,236.728,-3.650612,Dry,Cold
B2_2013,23,75,5,236.728,-3.650612,Dry,Cold
A4_2018,23,75,9,302.768,-2.57987,Wet,Warm
A2_2020,23,75,7,233.934,-3.252918,Dry,Cold
A11_2004,24,75,3,224.028,-3.067724,Dry,Cold
A13_2005,24,75,0,326.644,-2.633387,Wet,Warm
B1_2005,24,75,1,326.644,-2.633387,Wet,Warm
A18_2009,24,75,4,276.606,-2.993546,Dry,Cold
A4_2011,24,75,5,340.106,-2.932767,Wet,Warm
A13_2012,24,75,7,308.61,-2.678683,Wet,Warm
B1_2013,24,75,1,236.728,-3.650612,Dry,Cold
A10_2013,24,75,2,236.728,-3.650612,Dry,Cold
B20_2013,24,75,9,236.728,-3.650612,Dry,Cold
B17_2014,24,75,3,279.146,-2.878477,Dry,Warm
B7_2014,24,75,2,279.146,-2.878477,Dry,Warm
A27_2015,24,75,3,506.984,-2.316151,Wet,Warm
A4_2018,24,75,2,302.768,-2.57987,Wet,Warm
A13_2005,25,75,1,326.644,-2.633387,Wet,Warm
B1_2005,25,75,2,326.644,-2.633387,Wet,Warm
A8_2007,25,75,3,455.676,-2.915787,Wet,Warm
A8_2009,25,75,13,276.606,-2.993546,Dry,Cold
B4_2011,25,75,1,340.106,-2.932767,Wet,Warm
B1_2013,25,75,1,236.728,-3.650612,Dry,Cold
B13_2013,25,75,5,236.728,-3.650612,Dry,Cold
A18_2015,25,75,3,506.984,-2.316151,Wet,Warm
A27_2015,25,75,3,506.984,-2.316151,Wet,Warm
A4_2018,25,75,1,302.768,-2.57987,Wet,Warm
A10_2007,26,75,1,455.676,-2.915787,Wet,Warm
A10_2013,26,75,6,236.728,-3.650612,Dry,Cold
A27_2015,26,75,2,506.984,-2.316151,Wet,Warm
A4_2018,26,75,2,302.768,-2.57987,Wet,Warm
A4_2004,27,75,0,224.028,-3.067724,Dry,Cold
B19_2011,27,75,1,340.106,-2.932767,Wet,Warm
A10_2013,28,75,1,236.728,-3.650612,Dry,Cold
B5_2009,1,90,0,276.606,-2.993546,Dry,Cold
B13_2014,1,90,0,279.146,-2.878477,Dry,Warm
B13_2004,2,90,2,224.028,-3.067724,Dry,Cold
B17_2012,2,90,0,308.61,-2.678683,Wet,Warm
B11_2013,3,90,2,236.728,-3.650612,Dry,Cold
B11_2013,3,90,2,236.728,-3.650612,Dry,Cold
A10_2018,3,90,4,302.768,-2.57987,Wet,Warm
B11_2013,4,90,0,236.728,-3.650612,Dry,Cold
A8_2019,4,90,1,219.71,-3.475471,Dry,Cold
A29_2007,5,90,1,455.676,-2.915787,Wet,Warm
A12_2009,5,90,0,276.606,-2.993546,Dry,Cold
A18_2013,5,90,4,236.728,-3.650612,Dry,Cold
A7_2019,5,90,1,219.71,-3.475471,Dry,Cold
A18_2013,6,90,8,236.728,-3.650612,Dry,Cold
A29_2013,6,90,3,236.728,-3.650612,Dry,Cold
B18_2013,6,90,2,236.728,-3.650612,Dry,Cold
B5_2019,6,90,1,219.71,-3.475471,Dry,Cold
B1_2005,7,90,0,326.644,-2.633387,Wet,Warm
A10_2009,7,90,3,276.606,-2.993546,Dry,Cold
B1_2011,7,90,0,340.106,-2.932767,Wet,Warm
A10_2011,7,90,1,340.106,-2.932767,Wet,Warm
BG4_2013,7,90,14,236.728,-3.650612,Dry,Cold
A13_2013,8,90,4,236.728,-3.650612,Dry,Cold
BG5_2014,8,90,2,279.146,-2.878477,Dry,Warm
A43_2017,8,90,1,291.084,-2.18297,Dry,Warm
A4_2019,8,90,3,219.71,-3.475471,Dry,Cold
A18_2020,8,90,1,233.934,-3.252918,Dry,Cold
B12_2011,9,90,0,340.106,-2.932767,Wet,Warm
A4_2018,9,90,8,302.768,-2.57987,Wet,Warm
A10_2020,9,90,1,233.934,-3.252918,Dry,Cold
B18_2011,10,90,1,340.106,-2.932767,Wet,Warm
B14_2005,11,90,1,326.644,-2.633387,Wet,Warm
A18_2013,11,90,0,236.728,-3.650612,Dry,Cold
A13_2013,11,90,1,236.728,-3.650612,Dry,Cold
B12_2013,11,90,1,236.728,-3.650612,Dry,Cold
A13_2020,11,90,1,233.934,-3.252918,Dry,Cold
B10_2020,11,90,4,233.934,-3.252918,Dry,Cold
B2_2009,12,90,0,276.606,-2.993546,Dry,Cold
B12_2013,12,90,1,236.728,-3.650612,Dry,Cold
B2_2013,12,90,0,236.728,-3.650612,Dry,Cold
B5_2020,12,90,2,233.934,-3.252918,Dry,Cold
A41_2007,13,90,1,455.676,-2.915787,Wet,Warm
A2_2009,13,90,1,276.606,-2.993546,Dry,Cold
B1_2011,13,90,2,340.106,-2.932767,Wet,Warm
A10_2011,13,90,0,340.106,-2.932767,Wet,Warm
BG4_2013,13,90,8,236.728,-3.650612,Dry,Cold
A18_2020,13,90,3,233.934,-3.252918,Dry,Cold
B1_2005,14,90,1,326.644,-2.633387,Wet,Warm
A8_2009,14,90,3,276.606,-2.993546,Dry,Cold
BG4_2013,14,90,1,236.728,-3.650612,Dry,Cold
A10_2020,14,90,3,233.934,-3.252918,Dry,Cold
B5_2005,15,90,6,326.644,-2.633387,Wet,Warm
A27_2014,15,90,4,279.146,-2.878477,Dry,Warm
A4_2018,15,90,1,302.768,-2.57987,Wet,Warm
A2_2005,16,90,6,326.644,-2.633387,Wet,Warm
B18_2014,16,90,1,279.146,-2.878477,Dry,Warm
A7_2018,16,90,6,302.768,-2.57987,Wet,Warm
A2_2018,16,90,2,302.768,-2.57987,Wet,Warm
B5_2019,16,90,8,219.71,-3.475471,Dry,Cold
B14_2005,17,90,3,326.644,-2.633387,Wet,Warm
A4_2011,17,90,9,340.106,-2.932767,Wet,Warm
A13_2012,17,90,6,308.61,-2.678683,Wet,Warm
A4_2018,17,90,5,302.768,-2.57987,Wet,Warm
A4_2011,18,90,2,340.106,-2.932767,Wet,Warm
A13_2012,18,90,1,308.61,-2.678683,Wet,Warm
B1_2013,18,90,3,236.728,-3.650612,Dry,Cold
B10_2005,19,90,7,326.644,-2.633387,Wet,Warm
B4_2005,19,90,4,326.644,-2.633387,Wet,Warm
B1_2005,19,90,3,326.644,-2.633387,Wet,Warm
B5_2009,19,90,2,276.606,-2.993546,Dry,Cold
A4_2011,19,90,6,340.106,-2.932767,Wet,Warm
B2_2013,19,90,1,236.728,-3.650612,Dry,Cold
A8_2020,19,90,3,233.934,-3.252918,Dry,Cold
A8_2004,20,90,2,224.028,-3.067724,Dry,Cold
B1_2005,20,90,8,326.644,-2.633387,Wet,Warm
B5_2009,20,90,5,276.606,-2.993546,Dry,Cold
A18_2013,20,90,1,236.728,-3.650612,Dry,Cold
B13_2014,20,90,5,279.146,-2.878477,Dry,Warm
B5_2019,20,90,2,219.71,-3.475471,Dry,Cold
A4_2020,20,90,2,233.934,-3.252918,Dry,Cold
B7_2004,21,90,9,224.028,-3.067724,Dry,Cold
B5_2009,21,90,5,276.606,-2.993546,Dry,Cold
B19_2011,21,90,1,340.106,-2.932767,Wet,Warm
B4_2011,21,90,0,340.106,-2.932767,Wet,Warm
B1_2011,21,90,2,340.106,-2.932767,Wet,Warm
B1_2013,21,90,7,236.728,-3.650612,Dry,Cold
A4_2018,21,90,7,302.768,-2.57987,Wet,Warm
A20_2018,21,90,0,302.768,-2.57987,Wet,Warm
A8_2020,21,90,2,233.934,-3.252918,Dry,Cold
A10_2005,22,90,0,326.644,-2.633387,Wet,Warm
B1_2005,22,90,6,326.644,-2.633387,Wet,Warm
A18_2009,22,90,0,276.606,-2.993546,Dry,Cold
B5_2009,22,90,0,276.606,-2.993546,Dry,Cold
B4_2011,22,90,5,340.106,-2.932767,Wet,Warm
A4_2011,22,90,2,340.106,-2.932767,Wet,Warm
A13_2012,22,90,5,308.61,-2.678683,Wet,Warm
B1_2013,22,90,4,236.728,-3.650612,Dry,Cold
A27_2015,22,90,1,506.984,-2.316151,Wet,Warm
B8_2020,22,90,2,233.934,-3.252918,Dry,Cold
B11_2004,23,90,12,224.028,-3.067724,Dry,Cold
A11_2005,23,90,9,326.644,-2.633387,Wet,Warm
B1_2005,23,90,4,326.644,-2.633387,Wet,Warm
B5_2009,23,90,4,276.606,-2.993546,Dry,Cold
A13_2012,23,90,4,308.61,-2.678683,Wet,Warm
B4_2012,23,90,0,308.61,-2.678683,Wet,Warm
B10_2012,23,90,0,308.61,-2.678683,Wet,Warm
B1_2013,23,90,3,236.728,-3.650612,Dry,Cold
A10_2013,23,90,6,236.728,-3.650612,Dry,Cold
B13_2013,23,90,1,236.728,-3.650612,Dry,Cold
A4_2018,23,90,1,302.768,-2.57987,Wet,Warm
B5_2019,23,90,1,219.71,-3.475471,Dry,Cold
A2_2020,23,90,9,233.934,-3.252918,Dry,Cold
A11_2004,24,90,1,224.028,-3.067724,Dry,Cold
A13_2005,24,90,0,326.644,-2.633387,Wet,Warm
B1_2005,24,90,6,326.644,-2.633387,Wet,Warm
A18_2009,24,90,4,276.606,-2.993546,Dry,Cold
A4_2011,24,90,2,340.106,-2.932767,Wet,Warm
B1_2013,24,90,3,236.728,-3.650612,Dry,Cold
A10_2013,24,90,0,236.728,-3.650612,Dry,Cold
B17_2014,24,90,2,279.146,-2.878477,Dry,Warm
A13_2005,25,90,0,326.644,-2.633387,Wet,Warm
B1_2005,25,90,0,326.644,-2.633387,Wet,Warm
A8_2009,25,90,14,276.606,-2.993546,Dry,Cold
B1_2013,25,90,0,236.728,-3.650612,Dry,Cold
B13_2013,25,90,7,236.728,-3.650612,Dry,Cold
A27_2015,25,90,5,506.984,-2.316151,Wet,Warm
A4_2018,25,90,2,302.768,-2.57987,Wet,Warm
A10_2013,26,90,3,236.728,-3.650612,Dry,Cold
A10_2013,28,90,2,236.728,-3.650612,Dry,Cold
